serial_number,firstname,midname,lastname,email,address,city,zip,state,country,business_unit_name,phonenumber
10327903,April,James,Taylor,april.taylor@test.com,379 Odom Mews Suite 762,Brayport,11466,NV,USA,Global,094-793-6268
10327904,Gregory,John,Camacho,gregory.camacho@test.com,0962 Ashley Mountains Suite 442,Jeffreyfort,74938,CT,USA,Global,004-944-0569
10327905,Mary,Stephen,Jackson,mary.jackson@test.com,018 Mary Skyway Apt. 807,New Anthonyburgh,82208,TN,USA,Global,024-040-5980
10327906,Jenna,John,Austin,jenna.austin@test.com,3769 Jennifer Lock,Jamesborough,43576,OH,USA,Global,075-542-7062
10327907,Jennifer,Andrea,Cook,jennifer.cook@test.com,49808 Santos Mills Suite 213,Michaelchester,38983,CT,USA,Global,035-524-9945
10327908,Gary,Grace,Solis,gary.solis@test.com,25941 Kayla Isle Suite 778,North Michael,06623,VT,USA,Global,034-560-3702
10327909,Kyle,Shane,Roy,kyle.roy@test.com,224 Clark Hollow,Lake Margaretfurt,00727,GU,USA,Global,021-892-4399
10327910,Rebecca,Marie,Daniels,rebecca.daniels@test.com,8188 Clements Overpass Apt. 179,North Michelleburgh,48682,AL,USA,Global,032-689-9072
10327911,Jonathan,Jennifer,Gentry,jonathan.gentry@test.com,281 Flowers Island Suite 806,Andersonstad,18554,NY,USA,Global,093-680-4995
10327912,Andrew,Lee,Bradley,andrew.bradley@test.com,7615 Bailey Fall,Samuelbury,06880,AS,USA,Global,072-101-1239
10327913,Jenna,Lynn,Sellers,jenna.sellers@test.com,0212 Randy Ferry Suite 148,New Williamhaven,94162,SC,USA,Global,054-851-0437
10327914,Jessica,Luis,Williams,jessica.williams@test.com,943 Shawn Mission,Manueltown,92956,IL,USA,Global,036-340-4864
10327915,Tara,Jane,Hernandez,tara.hernandez@test.com,274 Michael Shores Suite 608,Zoeside,89112,FL,USA,Global,086-498-6794
10327916,Jason,Rhonda,Jones,jason.jones@test.com,8110 Morris Pike Apt. 714,Port Amytown,68444,ME,USA,Global,036-260-0789
10327917,Jill,Melinda,Roberts,jill.roberts@test.com,8145 Barbara View,East Brandon,68113,RI,USA,Global,037-154-4516
10327918,Miguel,Sarah,James,miguel.james@test.com,08772 Eric Village,Chaseberg,67704,MO,USA,Global,020-485-5887
10327919,Michael,Lee,Newman,michael.newman@test.com,41036 Blake Points,Calhounview,25916,NM,USA,Global,043-994-4756
10327920,Isabella,James,Chavez,isabella.chavez@test.com,35206 Joy Light,Spearsview,59084,OK,USA,Global,050-146-0455
10327921,Aaron,James,Gray,aaron.gray@test.com,1905 Laura Light,North Jason,46077,WI,USA,Global,084-185-7940
13397257,Brenda,Ethan,Fields,brenda.fields@test.com,65507 Marcus Summit,Timothyshire,35628,CA,USA,Strategic Management,067-743-2736
13397258,Robert,Matthew,Rosales,robert.rosales@test.com,56656 Gibson Radial Apt. 604,Solomonbury,23409,TN,USA,Strategic Products,045-627-0663
13397259,Robert,James,Robinson,robert.robinson@test.com,1386 Toni Land Apt. 642,Elizabethport,38435,OH,USA,Strategic Solutions,061-398-3714
13397260,Emily,James,Cruz,emily.cruz@test.com,586 Monique Curve Apt. 628,Alexandermouth,35081,IA,USA,Integrated Products,067-992-6017
13397261,Anna,Barbara,Lawson,anna.lawson@test.com,8147 Rachel Estate Apt. 591,South Paultown,63900,IA,USA,Corporate Management,039-762-7336
13397262,George,Ray,Harris,george.harris@test.com,820 Jones Skyway Apt. 591,Longtown,93214,IL,USA,Strategic Products,003-347-1816
13397263,Brandy,Jane,Jackson,brandy.jackson@test.com,6218 Dorothy Brooks Apt. 233,East Gregory,25592,IA,USA,Global Services,028-138-6637
13397264,Dakota,Lee,Hale,dakota.hale@test.com,176 Kimberly Fall,Jamestown,85934,OR,USA,Regional Management,090-168-3904
13397265,Nicholas,Matthew,Reed,nicholas.reed@test.com,2659 David Isle Suite 417,West Jacobville,84215,PA,USA,Regional Logistics,004-818-6639
13397266,Brenda,William,Solis,brenda.solis@test.com,6633 Smith Drive,South Kellyburgh,61591,NH,USA,Corporate Solutions,033-603-9271
13397267,Jessica,Jennifer,Rodriguez,jessica.rodriguez@test.com,48570 Lewis Glens,Cervantesside,38975,MS,USA,Strategic Solutions,074-738-3130
13397268,Kathryn,Ryan,Levine,kathryn.levine@test.com,52122 Solomon Isle Apt. 570,New Brandyton,01863,MP,USA,Strategic Logistics,094-033-5955
13397269,Lee,Grace,Scott,lee.scott@test.com,54787 Todd Squares,Johnsonton,85848,IL,USA,Corporate Logistics,077-108-3219
13397270,Melissa,Joshua,Hutchinson,melissa.hutchinson@test.com,0390 Andrew Trail Suite 721,West Jason,50458,GU,USA,Corporate Services,040-814-1335
13397271,Monica,Christopher,Russell,monica.russell@test.com,44468 Erin Meadows,Port Edwardtown,79213,DC,USA,Regional Services,006-201-8027
13397272,Robin,Nathan,Lawrence,robin.lawrence@test.com,89472 Mcguire Flats Apt. 175,Lake Jennifertown,30105,PR,USA,Regional Products,063-970-2234
13397273,Omar,Jane,Collins,omar.collins@test.com,89737 Lopez Gardens,North Robertfurt,35011,KY,USA,Strategic Services,007-741-6732
13397274,Deborah,John,Webb,deborah.webb@test.com,180 Sandra Ways Suite 594,Fostershire,95229,VA,USA,Strategic Services,022-689-5611
13397275,Gerald,Daniel,Wang,gerald.wang@test.com,85630 Elizabeth Burgs,Welchfurt,87910,VT,USA,Strategic Management,088-459-1706
13397276,Derrick,Lee,Gentry,derrick.gentry@test.com,9615 Kathy Islands Apt. 647,Riceborough,17216,UT,USA,Integrated Solutions,065-341-0157
13397277,Mckenzie,Steven,Carter,mckenzie.carter@test.com,222 Bryan Forges Suite 236,Lake Beth,28876,MT,USA,Strategic Products,081-363-8902
13397278,Donald,Tiffany,Bridges,donald.bridges@test.com,7539 Isaac Mountain Suite 232,East Kimberly,20370,MP,USA,Regional Logistics,065-387-9840
13397279,Susan,John,King,susan.king@test.com,005 Veronica Cove,North Sally,23758,NH,USA,Corporate Logistics,047-467-2919
13397280,Sandra,Jill,Hicks,sandra.hicks@test.com,2542 Scott Fort,Gonzalezberg,89224,AK,USA,Regional Services,005-792-5997
13397281,Seth,Karen,Flynn,seth.flynn@test.com,955 King Ville Suite 285,Kennethside,75628,MD,USA,Corporate Products,089-730-7435
13397282,Kimberly,Erika,Hunter,kimberly.hunter@test.com,56487 Williams River,East Walterfurt,35674,UT,USA,Regional Solutions,042-747-3547
13397283,Teresa,Jane,Madden,teresa.madden@test.com,12196 Kimberly Brook,Harttown,62883,KS,USA,Regional Services,001-742-9088
13397284,William,John,Martinez,william.martinez@test.com,39951 Bishop Island Apt. 414,Maryberg,23295,ID,USA,Corporate Products,047-200-7884
13397285,Sean,Andrea,Gill,sean.gill@test.com,5687 Pratt Village,Cohenton,75510,ME,USA,Regional Solutions,011-307-4882
13397286,Ronald,Frank,Cantrell,ronald.cantrell@test.com,582 Michael Dam,Longchester,16340,NE,USA,Corporate Services,005-184-7976
13397287,Bryan,Johnny,Navarro,bryan.navarro@test.com,524 Angela Common Apt. 279,West Derekborough,79194,WI,USA,Global Services,094-020-9758
13397288,Maureen,John,Smith,maureen.smith@test.com,4695 Rodney Mews Suite 741,Vincentview,91104,MN,USA,Strategic Solutions,072-213-2476
13397289,Connie,Natalie,Fitzpatrick,connie.fitzpatrick@test.com,9630 Patricia Pass Apt. 157,Lake Pamelaside,36641,SC,USA,Global Solutions,055-936-0438
13397290,Caroline,Denise,Odonnell,caroline.odonnell@test.com,9477 Gina Junctions,Griffinberg,40463,NH,USA,Global Management,055-613-3733
13397291,Savannah,Jeanette,Hill,savannah.hill@test.com,481 Rebecca Shore,Lake Christopher,07354,OH,USA,Strategic Solutions,074-374-5122
13397292,Roberto,Marie,Johnson,roberto.johnson@test.com,666 Lee Road Suite 545,New Kelseyborough,21869,RI,USA,Global Solutions,027-341-4594
13397293,Lindsay,Grace,Chan,lindsay.chan@test.com,6126 Escobar Road Suite 685,East Johnberg,48181,KY,USA,Global Products,023-544-0980
13397294,Nicholas,Karen,Haynes,nicholas.haynes@test.com,93214 Prince Island,Moranmouth,67990,NY,USA,Global Logistics,083-209-8469
13397295,Michelle,Brenda,Morrow,michelle.morrow@test.com,853 Kerri Terrace,Laurenbury,27637,TN,USA,Global Management,029-626-3583
13397296,Christopher,David,Cain,christopher.cain@test.com,0996 James Lake Apt. 765,Vegastad,06778,NY,USA,Global Services,053-634-3010
13397297,Bryan,Michael,Becker,bryan.becker@test.com,633 White Dale Suite 319,North John,32619,HI,USA,Global Products,021-832-8927
13397298,Jason,Elizabeth,Clarke,jason.clarke@test.com,9560 Samuel Overpass Suite 326,Valentineview,55436,VA,USA,Global Services,012-504-6669
13397299,Mckenzie,Lynn,Arnold,mckenzie.arnold@test.com,49106 Vargas Court Apt. 437,Ellisfort,48429,TN,USA,Corporate Services,037-468-2746
13397300,Carolyn,Jonathan,Haney,carolyn.haney@test.com,6084 Alan Forks,Laurenville,58745,WA,USA,Integrated Management,009-948-9440
13397301,Katherine,John,Morales,katherine.morales@test.com,77529 Andrews Extensions,West Martin,17067,DE,USA,Corporate Products,054-101-6897
13397302,Amanda,Ray,Hernandez,amanda.hernandez@test.com,339 Stone Rapids,South Shelby,86733,MT,USA,Global Logistics,041-419-5580
13397303,Jason,Lynn,Wise,jason.wise@test.com,511 Wagner Mill Suite 197,Murraystad,52119,NV,USA,Regional Services,013-225-9476
13397304,Dean,Philip,Rodriguez,dean.rodriguez@test.com,9613 Elizabeth Station Apt. 034,Webbland,76391,PW,USA,Integrated Services,024-301-8617
13397305,Kevin,Mark,Mclaughlin,kevin.mclaughlin@test.com,83037 Riley Crossroad,Katelynstad,05326,AK,USA,Corporate Management,090-275-0429
13397306,Ryan,Mary,Mercer,ryan.mercer@test.com,1128 Reid Burgs Apt. 103,Lake Johnnyberg,12473,MH,USA,Regional Products,055-908-1759
13397307,Patricia,Matthew,Jones,patricia.jones@test.com,6790 Annette Trace Apt. 283,Chapmanfort,13582,CO,USA,Corporate Products,014-331-9381
13397308,Christina,Sheila,Rice,christina.rice@test.com,85781 Powell Station,South John,82936,MT,USA,Integrated Services,015-805-3870
13397309,Gregory,Paula,Kelly,gregory.kelly@test.com,4082 Susan Mount Suite 435,Port Stephanie,60697,KS,USA,Integrated Logistics,098-689-4177
13397310,Colleen,Meghan,Kelly,colleen.kelly@test.com,7392 Neal Street Apt. 728,Peckville,56274,AR,USA,Corporate Products,077-826-4939
13397311,Pamela,Grace,Lopez,pamela.lopez@test.com,10998 Andrew Pass Apt. 854,Lake Ashley,13263,TX,USA,Corporate Logistics,077-866-4481
13397312,Melissa,James,Gray,melissa.gray@test.com,363 Lozano Parks Apt. 133,North Heatherton,24542,LA,USA,Integrated Products,094-793-6826
13397313,Penny,James,Campbell,penny.campbell@test.com,36627 Randy Pine,Joneschester,98051,IN,USA,Regional Solutions,036-906-6445
13397314,Samantha,Ryan,Holmes,samantha.holmes@test.com,9035 Crawford Tunnel Apt. 008,Phillipville,80188,KS,USA,Integrated Products,068-043-9210
13397315,Tammy,John,Meza,tammy.meza@test.com,62652 Debra Parkway Suite 066,South Garrett,03868,AL,USA,Global Services,087-823-2716
13397316,Frederick,Robert,Kelley,frederick.kelley@test.com,29501 Hester Extensions,East Joshua,86262,OK,USA,Strategic Products,034-645-3906
13397317,Kathryn,Natalie,Gomez,kathryn.gomez@test.com,6125 Gabriel Overpass Suite 627,Vazquezshire,11336,AK,USA,Integrated Logistics,007-324-5819
13397318,Brady,Lynn,Hamilton,brady.hamilton@test.com,7015 Reyes Way Apt. 204,Kristenmouth,73111,GA,USA,Regional Logistics,096-284-4986
13397319,Melody,Lynn,Wood,melody.wood@test.com,85446 Maldonado Parkways Apt. 600,Davistown,97830,UT,USA,Corporate Products,077-012-5469
13397320,Renee,Joy,West,renee.west@test.com,32240 Parker Pass,Pamelamouth,54806,DC,USA,Integrated Products,094-551-5500
13397321,Matthew,Elizabeth,Smith,matthew.smith@test.com,6516 Mueller Walks,Lake Andrew,78397,SD,USA,Strategic Products,037-360-3463
13397322,Kimberly,Cynthia,Pena,kimberly.pena@test.com,41830 Steele Islands,New Jonathan,47092,LA,USA,Integrated Products,013-967-5078
13397323,Chris,James,Wood,chris.wood@test.com,989 Snow Estates,Jasonchester,90560,DE,USA,Strategic Solutions,037-068-2909
13397324,Bruce,Grace,Stanley,bruce.stanley@test.com,139 Alejandra Neck,Donnatown,55243,ME,USA,Regional Logistics,035-188-3896
13397325,Cindy,Marie,Ray,cindy.ray@test.com,43428 Alexandra Neck Suite 031,Hayesbury,77361,DC,USA,Integrated Logistics,070-258-5683
13397326,Samantha,William,Becker,samantha.becker@test.com,5406 Harvey Brook,Feliciaburgh,75026,DE,USA,Global Products,043-107-5400
13397327,Wesley,Zachary,Hays,wesley.hays@test.com,886 Shane Orchard Apt. 531,Kirstenfurt,82917,OR,USA,Strategic Services,003-252-9069
13397328,Monica,Jasmine,Baxter,monica.baxter@test.com,459 Wyatt Burgs,New Melissaborough,82077,VT,USA,Corporate Services,016-005-1102
13397329,Cynthia,Ray,Walsh,cynthia.walsh@test.com,381 Albert Cape Apt. 077,Carrberg,51698,DE,USA,Global Logistics,014-652-2970
13397330,Kyle,Grace,Lawson,kyle.lawson@test.com,31182 Santos Center Suite 686,Ashleyville,75219,MN,USA,Integrated Logistics,098-822-7737
13397331,Sarah,Richard,Smith,sarah.smith@test.com,92259 Davidson Keys,Cooleyland,76817,LA,USA,Integrated Services,008-958-8601
13397332,Clayton,Jimmy,Smith,clayton.smith@test.com,75574 Huffman Park Apt. 511,Dayland,68103,IN,USA,Integrated Management,028-449-1060
13397333,Sharon,Jason,Freeman,sharon.freeman@test.com,76423 Charlene Parkway,Mcknightstad,83070,MA,USA,Global Products,096-255-0486
13397334,Harold,Barry,Brown,harold.brown@test.com,78178 Wallace Extensions Suite 830,South Roychester,49788,ME,USA,Regional Logistics,001-092-5235
13397335,Elizabeth,Jane,Morris,elizabeth.morris@test.com,50335 Jessica Heights Suite 262,South Wayneport,48074,FM,USA,Corporate Products,095-925-4469
13397336,Amanda,Joseph,Reed,amanda.reed@test.com,888 Louis Valley Apt. 391,Hensonshire,61370,NY,USA,Regional Services,050-357-8378
13397337,Kaitlyn,Ray,Bailey,kaitlyn.bailey@test.com,619 Massey Throughway,Christopherstad,79706,WV,USA,Global Services,012-908-7991
